Millis,Dust,MQ135,MQ7,Temperature (°C),Humidity (%),Pressure (hPa),Gas (k?),Latitude,Longitude
2172,304,1115,573,29.88,68.18,1011.33,35.06,0,0
2555,255,1119,538,29.89,68.09,1011.33,34.97,0,0
2935,25,1126,543,29.91,68.04,1011.33,35.54,0,0
3319,368,1136,538,29.94,67.97,1011.34,35.97,0,0
3700,345,1133,528,29.96,67.9,1011.34,36.28,0,0
4083,421,1125,511,29.97,67.85,1011.34,36.63,0,0
4497,256,1126,503,29.99,67.77,1011.35,36.73,0,0
4877,293,1127,499,29.98,67.7,1011.33,36.53,0,0
5263,384,1125,492,29.99,67.65,1011.33,36.79,0,0
5643,315,1129,455,30.01,67.62,1011.34,37.02,0,0
6025,291,1117,485,30.03,67.57,1011.33,37.05,0,0
6409,336,1130,480,30.05,67.51,1011.34,37.02,0,0
6819,285,1126,475,30.07,67.46,1011.34,37.19,0,0
7203,212,1125,463,30.06,67.41,1011.34,36.86,0,0
7585,272,1109,464,30.07,67.35,1011.34,37.05,0,0
7964,259,1117,463,30.08,67.33,1011.35,37.05,0,0
8351,365,1091,455,30.1,67.27,1011.35,37.25,0,0
8731,62,1105,438,30.11,67.22,1011.36,37.22,0,0
9140,192,1159,437,30.13,67.17,1011.35,37.25,0,0
9527,336,1102,430,30.12,67.14,1011.35,36.66,0,0
9907,367,1099,439,30.12,67.09,1011.36,36.79,0,0
10294,355,1099,430,30.14,67.06,1011.35,36.92,0,0
10673,191,1106,433,30.15,67.01,1011.35,36.92,0,0
11054,171,1088,421,30.16,66.99,1011.35,36.96,0,0
11469,251,1088,413,30.18,66.95,1011.35,36.92,0,0
11849,259,1087,416,30.17,66.89,1011.35,36,0,0
12234,346,1088,413,30.18,66.87,1011.35,36.44,0,0
12615,314,1086,413,30.19,66.82,1011.35,36.47,0,0
12996,240,1072,405,30.21,66.8,1011.35,36.57,0,0
13382,351,1086,408,30.22,66.75,1011.35,36.47,0,0
13792,415,1072,406,30.23,66.72,1011.35,36.31,0,0
14176,318,1069,394,30.22,66.67,1011.35,35.85,0,0
14558,259,1070,399,30.22,66.63,1011.35,35.88,0,0
14938,349,1074,400,30.23,66.61,1011.35,36,0,0
15322,323,1072,398,30.25,66.59,1011.35,36.16,0,0
15703,213,1061,399,30.26,66.55,1011.35,36.13,0,0
16116,304,1065,388,30.27,66.52,1011.35,36.09,0,0
16500,369,1063,391,30.26,66.48,1011.35,35.42,0,0
16880,348,1060,384,30.26,66.45,1011.35,35.51,0,0
17266,316,1069,383,30.27,66.41,1011.35,35.66,0,0
17646,212,1061,383,30.27,66.39,1011.34,35.66,0,0
18028,331,1053,368,30.28,66.37,1011.34,35.69,0,0
18444,164,1053,381,30.28,66.32,1011.34,35.72,0,0
18823,327,1055,381,30.26,66.27,1011.34,35.09,0,0
19208,256,1051,384,30.27,66.25,1011.34,35.18,0,0
19588,113,1046,378,30.27,66.24,1011.34,35.15,0,0
19969,220,1061,375,30.29,66.21,1011.34,35.36,0,0
20355,374,1049,379,30.3,66.19,1011.35,35.39,0,0
20764,193,1040,384,30.3,66.18,1011.35,35.27,0,0
21144,154,1040,368,30.29,66.13,1011.35,34.74,0,0
21530,294,1038,370,30.29,66.13,1011.34,34.97,0,0
21910,241,1041,376,30.3,66.11,1011.34,35,0,0
22297,295,1037,361,30.3,66.09,1011.34,35.12,0,0
22676,299,1040,374,30.31,66.05,1011.34,35,0,0
23087,227,1088,373,30.31,66.04,1011.34,35.15,0,0
23472,209,1033,377,30.3,66.01,1011.34,34.6,0,0
23851,304,1013,367,30.3,65.99,1011.34,34.68,0,0
24236,213,1022,371,30.31,65.98,1011.34,34.83,0,0
24617,219,1021,368,30.31,65.94,1011.34,34.71,0,0
24998,453,1035,363,30.32,65.92,1011.34,34.86,0,0
25414,448,1016,370,30.33,65.91,1011.33,35.09,0,0
25794,320,1020,368,30.31,65.87,1011.34,34.31,0,0
26178,275,1015,358,30.32,65.85,1011.34,34.51,0,0
26560,341,1023,359,30.33,65.85,1011.33,34.54,0,0
26940,301,1023,358,30.33,65.83,1011.34,34.63,0,0
27324,231,1019,357,30.35,65.82,1011.34,34.63,0,0
27736,320,1019,363,30.35,65.78,1011.34,34.71,0,0
28119,298,1019,358,30.34,65.77,1011.33,34.2,0,0
28501,347,1010,359,30.34,65.76,1011.33,34.34,0,0
28881,267,1009,361,30.35,65.76,1011.33,34.43,0,0
29267,403,1022,369,30.36,65.73,1011.34,34.54,0,0
29647,395,1009,362,30.36,65.7,1011.34,34.48,0,0
30059,309,1021,362,30.37,65.69,1011.34,34.63,0,0
30444,368,1018,363,30.36,65.66,1011.33,34.2,0,0
30824,257,1008,352,30.36,65.65,1011.33,34.2,0,0
31209,341,1007,351,30.36,65.63,1011.33,34.34,0,0
31589,439,999,349,30.37,65.63,1011.34,34.37,0,0
31970,322,1013,354,30.38,65.61,1011.34,34.37,0,0
32386,307,1008,364,30.39,65.6,1011.34,34.46,0,0
32766,321,1008,365,30.38,65.56,1011.34,33.73,0,0
33146,111,1006,362,30.38,65.56,1011.34,33.98,0,0
33532,363,993,342,30.4,65.55,1011.34,34.26,0,0
33912,304,1005,353,30.4,65.53,1011.34,34.15,0,0
34299,347,1008,336,30.41,65.51,1011.34,34.46,0,0
34708,339,1005,354,30.41,65.48,1011.34,34.43,0,0
35091,243,997,346,30.4,65.46,1011.34,33.76,0,0
35475,322,1003,357,30.4,65.47,1011.34,34.01,0,0
35855,390,994,362,30.41,65.46,1011.34,34.06,0,0
36240,338,993,370,30.42,65.44,1011.33,34.15,0,0
36621,173,995,352,30.42,65.42,1011.33,34.34,0,0
37032,335,992,351,30.43,65.42,1011.34,34.23,0,0
37418,263,1006,361,30.41,65.38,1011.35,33.79,0,0
37798,277,995,357,30.41,65.38,1011.34,33.9,0,0
38182,411,1003,355,30.42,65.37,1011.35,34.09,0,0
38564,230,990,339,30.43,65.37,1011.34,34.09,0,0
38944,208,996,352,30.43,65.34,1011.35,34.15,0,0
39358,290,997,357,30.44,65.34,1011.34,34.31,0,0
39740,438,989,353,30.43,65.31,1011.34,33.79,0,0
40124,383,994,313,30.43,65.3,1011.33,33.98,0,0
40507,333,999,357,30.44,65.3,1011.33,33.95,0,0
40887,187,990,355,30.45,65.29,1011.34,34.01,0,0
41273,310,995,351,30.47,65.27,1011.34,34.06,0,0
41683,199,1004,353,30.48,65.26,1011.34,34.12,0,0
42066,259,990,340,30.46,65.23,1011.33,33.68,0,0
42449,358,982,356,30.46,65.22,1011.33,33.76,0,0
42829,208,983,341,30.46,65.22,1011.33,33.95,0,0
43214,304,986,346,30.48,65.2,1011.32,33.95,0,0
43594,296,984,348,30.49,65.21,1011.32,33.92,0,0
44005,333,986,343,30.5,65.19,1011.32,34.06,0,0
44391,278,978,397,30.49,65.16,1011.32,33.6,0,0
44771,289,987,351,30.49,65.17,1011.32,33.62,0,0
45151,336,997,349,30.5,65.15,1011.33,33.62,0,0
45537,306,983,354,30.52,65.16,1011.33,34.01,0,0
45917,202,989,348,30.53,65.14,1011.34,33.9,0,0
46334,304,978,354,30.54,65.13,1011.34,33.87,0,0
46714,154,987,351,30.52,65.11,1011.33,33.38,0,0
47096,453,977,337,30.53,65.09,1011.33,33.57,0,0
47480,150,990,346,30.53,65.11,1011.33,33.71,0,0
47860,301,982,350,30.53,65.07,1011.32,33.84,0,0
48245,339,983,352,30.54,65.07,1011.32,33.9,0,0
48656,321,983,345,30.55,65.05,1011.33,33.87,0,0
49038,224,978,354,30.53,65.01,1011.32,33.41,0,0
49423,231,977,348,30.53,65.01,1011.33,33.51,0,0
49803,352,1040,343,30.54,65,1011.33,33.62,0,0
50187,351,976,347,30.55,65,1011.33,33.84,0,0
50569,293,976,353,30.56,64.99,1011.33,33.81,0,0
50978,357,975,348,30.56,64.97,1011.33,33.87,0,0
51364,445,976,348,30.55,64.94,1011.32,33.44,0,0
51744,400,971,341,30.55,64.93,1011.32,33.6,0,0
52128,321,978,354,30.55,64.93,1011.33,33.73,0,0
52511,333,981,356,30.56,64.92,1011.33,33.79,0,0
52891,330,969,347,30.56,64.91,1011.32,33.92,0,0
53307,399,976,355,30.57,64.9,1011.33,33.84,0,0
53687,230,974,350,30.55,64.88,1011.33,33.44,0,0
54070,235,979,351,30.56,64.88,1011.33,33.54,0,0
54453,382,976,345,30.56,64.87,1011.34,33.65,0,0
54833,546,976,339,30.56,64.86,1011.34,33.79,0,0
55218,373,974,346,30.57,64.84,1011.34,34.03,0,0
55629,315,976,354,30.57,64.83,1011.33,33.92,0,0
56010,434,976,341,30.55,64.8,1011.33,33.62,0,0
56396,273,971,343,30.55,64.81,1011.33,33.79,0,0
56775,368,973,345,30.56,64.79,1011.33,33.79,0,0
57155,368,976,346,30.56,64.8,1011.34,33.98,0,0
57541,157,973,343,30.57,64.78,1011.34,34.09,0,0
57951,410,977,334,30.57,64.78,1011.34,34.09,0,0
58339,247,976,347,30.55,64.74,1011.34,33.73,0,0
58718,227,973,336,30.54,64.74,1011.34,33.84,0,0
59100,314,976,342,30.55,64.74,1011.34,33.98,0,0
59484,258,982,347,30.55,64.74,1011.33,33.98,0,0
59864,382,982,348,30.56,64.74,1011.33,34.23,0,0
60280,430,976,339,30.56,64.72,1011.33,34.26,0,0
60661,203,976,351,30.54,64.7,1011.33,33.68,0,0
61042,209,973,342,30.54,64.7,1011.33,33.98,0,0
61427,427,969,339,30.55,64.7,1011.32,33.98,0,0
61807,336,976,340,30.56,64.7,1011.32,34.01,0,0
62191,304,971,306,30.57,64.7,1011.32,34.34,0,0
62603,304,971,336,30.57,64.69,1011.33,34.31,0,0
62983,398,1039,351,30.55,64.67,1011.33,33.76,0,0
63368,309,974,343,30.55,64.67,1011.33,34.03,0,0
63748,306,981,357,30.55,64.67,1011.33,34.12,0,0
64132,176,967,336,30.56,64.66,1011.33,34.17,0,0
64515,259,976,338,30.57,64.66,1011.33,34.26,0,0
64924,342,976,337,30.58,64.65,1011.34,34.37,0,0
65312,320,967,343,30.56,64.64,1011.34,33.76,0,0
65691,231,988,352,30.57,64.65,1011.34,33.9,0,0
66073,248,974,337,30.58,64.66,1011.34,34.06,0,0
66456,267,976,343,30.59,64.64,1011.33,34.15,0,0
66836,395,961,337,30.59,64.62,1011.34,34.17,0,0
67251,356,1083,345,30.6,64.62,1011.34,34.37,0,0
67632,224,978,350,30.57,64.6,1011.34,33.79,0,0
68013,321,975,337,30.57,64.6,1011.34,33.95,0,0
68399,430,970,342,30.58,64.61,1011.34,34.15,0,0
68778,240,976,343,30.58,64.59,1011.34,34.26,0,0
69158,351,970,339,30.59,64.59,1011.34,34.23,0,0
69574,471,969,336,30.59,64.58,1011.34,34.46,0,0
69954,242,976,342,30.57,64.56,1011.33,33.84,0,0
70341,457,955,341,30.57,64.56,1011.33,34.06,0,0
70721,290,975,336,30.57,64.55,1011.32,34.2,0,0
71103,290,970,343,30.58,64.57,1011.33,34.17,0,0
71487,495,960,349,30.59,64.55,1011.32,34.37,0,0
71896,276,963,346,30.6,64.55,1011.33,34.34,0,0
72282,351,966,337,30.58,64.53,1011.33,33.95,0,0
72662,223,970,336,30.57,64.53,1011.33,34.01,0,0
73044,493,971,338,30.58,64.52,1011.33,34.23,0,0
73429,404,958,335,30.58,64.52,1011.33,34.4,0,0
73809,342,967,336,30.58,64.52,1011.33,34.46,0,0
74224,359,967,339,30.59,64.51,1011.34,34.46,0,0
74605,186,970,339,30.57,64.51,1011.34,33.95,0,0
74985,258,973,341,30.57,64.49,1011.33,34.12,0,0
75370,301,973,337,30.58,64.49,1011.34,34.4,0,0
75750,277,963,336,30.59,64.52,1011.34,34.43,0,0
76134,298,965,349,30.59,64.5,1011.34,34.4,0,0
76547,362,960,341,30.6,64.5,1011.34,34.54,0,0
76927,272,959,334,30.58,64.48,1011.33,33.84,0,0
77314,491,965,343,30.58,64.49,1011.33,34.2,0,0
77693,187,1053,345,30.58,64.47,1011.33,34.29,0,0
78075,128,973,344,30.59,64.48,1011.33,34.29,0,0
78459,309,967,338,30.6,64.47,1011.33,34.48,0,0
78868,256,969,335,30.61,64.47,1011.33,34.4,0,0
79255,365,971,345,30.59,64.47,1011.32,34.03,0,0
614,178,960,337,29.46,66.86,1011.25,12.14,0,0
993,239,955,335,29.69,66.94,1011.26,14.56,0,0
1381,255,959,336,29.82,66.86,1011.28,16.18,0,0
1760,305,958,335,29.9,66.75,1011.29,17.77,0,0
2172,228,969,336,29.97,66.67,1011.3,19.46,0,0
2556,274,964,348,30.01,66.56,1011.3,20.9,0,0
2934,226,960,341,30.05,66.48,1011.31,22.65,0,0
3320,321,954,330,30.09,66.41,1011.31,24.36,0,0
3701,342,957,331,30.13,66.34,1011.31,25.99,0,0
4080,272,953,333,30.17,66.25,1011.31,27.58,0,0
4496,323,951,338,30.2,66.2,1011.31,29.12,0,0
4877,352,947,348,30.21,66.11,1011.31,29.7,0,0
5262,293,960,341,30.23,66.05,1011.31,31.05,0,0
5644,285,955,349,30.26,66.01,1011.32,32.27,0,0
6024,397,950,233,30.29,65.94,1011.32,33.01,0,0
6411,286,965,335,30.31,65.9,1011.32,33.98,0,0
6821,351,944,336,30.33,65.83,1011.32,34.57,0,0
7204,276,958,337,30.33,65.75,1011.31,34.51,0,0
7586,282,957,336,30.34,65.72,1011.31,35.39,0,0
7965,435,959,336,30.36,65.68,1011.31,36.09,0,0
8352,260,946,337,30.38,65.64,1011.31,36.53,0,0
8732,242,959,345,30.39,65.58,1011.3,36.7,0,0
9144,399,954,337,30.4,65.53,1011.3,37.12,0,0
9529,317,957,341,30.39,65.48,1011.3,36.76,0,0
9909,304,948,340,30.4,65.43,1011.3,36.96,0,0
10290,289,954,344,30.42,65.42,1011.31,37.32,0,0
10675,303,947,334,30.43,65.36,1011.3,37.52,0,0
11055,446,953,336,30.45,65.32,1011.29,37.49,0,0
11472,332,945,335,30.46,65.3,1011.3,37.83,0,0
11852,187,951,337,30.45,65.24,1011.31,36.96,0,0
12235,101,960,342,30.46,65.22,1011.31,37.25,0,0
12618,447,957,338,30.47,65.22,1011.31,37.39,0,0
12997,349,958,336,30.48,65.18,1011.31,37.49,0,0
13385,365,959,342,30.49,65.14,1011.31,37.45,0,0
13794,221,960,337,30.49,65.12,1011.32,37.42,0,0
14177,264,954,336,30.48,65.06,1011.32,36.89,0,0
14561,249,945,94,30.48,65.04,1011.32,36.96,0,0
14940,400,949,337,30.49,65.02,1011.32,37.05,0,0
15326,157,960,336,30.51,65,1011.32,37.09,0,0
15707,335,949,329,30.52,64.99,1011.31,37.15,0,0
16117,377,951,333,30.54,64.95,1011.32,37.15,0,0
16503,317,956,319,30.53,64.93,1011.32,36.38,0,0
16883,357,947,336,30.54,64.91,1011.32,36.53,0,0
17268,256,930,338,30.55,64.9,1011.32,36.53,0,0
17650,296,949,336,30.56,64.89,1011.32,36.5,0,0
18030,256,947,336,30.57,64.88,1011.32,36.41,0,0
18447,528,949,337,30.58,64.86,1011.33,36.6,0,0
18827,283,947,335,30.56,64.8,1011.33,35.75,0,0
19210,146,877,336,30.57,64.78,1011.32,35.91,0,0
19593,339,945,336,30.58,64.78,1011.32,36,0,0
19972,336,947,336,30.59,64.76,1011.33,36.09,0,0
20359,273,954,339,30.59,64.75,1011.33,36.13,0,0
20769,399,963,330,30.6,64.71,1011.33,36,0,0
21152,323,959,342,30.59,64.69,1011.34,35.45,0,0
21535,242,953,405,30.59,64.69,1011.34,35.78,0,0
21914,222,950,336,30.6,64.69,1011.34,35.72,0,0
22296,190,947,320,30.61,64.68,1011.34,35.91,0,0
22681,361,954,334,30.61,64.65,1011.33,35.88,0,0
23092,289,945,340,30.61,64.63,1011.33,35.85,0,0
23478,391,971,339,30.6,64.6,1011.33,35.42,0,0
23858,254,951,343,30.6,64.58,1011.33,35.39,0,0
24241,269,944,339,30.61,64.6,1011.34,35.36,0,0
24624,175,1009,339,30.61,64.59,1011.33,35.51,0,0
25002,265,951,337,30.62,64.56,1011.33,35.63,0,0
25420,298,947,336,30.63,64.56,1011.33,35.66,0,0
25799,256,935,334,30.6,64.51,1011.33,35.03,0,0
26181,338,923,336,30.6,64.52,1011.33,35.18,0,0
26565,313,947,338,30.61,64.51,1011.32,35.45,0,0
26944,359,947,338,30.61,64.51,1011.32,35.42,0,0
27330,337,954,330,30.62,64.5,1011.32,35.54,0,0
27741,287,958,346,30.62,64.48,1011.32,35.54,0,0
28121,470,955,336,30.61,64.47,1011.32,35,0,0
28507,267,958,379,30.61,64.46,1011.32,35.21,0,0
28887,247,953,345,30.61,64.46,1011.32,35.12,0,0
29272,329,951,331,30.63,64.45,1011.32,35.18,0,0
29654,354,951,336,30.63,64.45,1011.33,35.39,0,0
30064,423,950,329,30.64,64.43,1011.33,35.36,0,0
30451,272,943,336,30.62,64.42,1011.34,34.77,0,0
30831,309,945,335,30.62,64.42,1011.34,35.03,0,0
31214,176,947,343,30.62,64.42,1011.34,35.15,0,0
31597,336,944,329,30.63,64.41,1011.34,35.21,0,0
31976,335,944,342,30.64,64.4,1011.34,35.21,0,0
32394,349,949,336,30.65,64.39,1011.35,35.36,0,0
32773,341,943,327,30.63,64.37,1011.34,34.74,0,0
33156,246,944,331,30.64,64.36,1011.34,35,0,0
33539,269,949,336,30.65,64.38,1011.34,35,0,0
33918,309,947,336,30.65,64.36,1011.34,35.06,0,0
34300,162,963,336,30.66,64.37,1011.34,35.36,0,0
34715,207,947,342,30.66,64.35,1011.33,35.33,0,0
35096,292,950,336,30.64,64.32,1011.33,34.77,0,0
35482,305,983,345,30.63,64.32,1011.33,34.95,0,0
35861,330,951,349,30.64,64.32,1011.33,35.06,0,0
36245,295,947,333,30.64,64.32,1011.33,35.18,0,0
36626,307,949,340,30.65,64.31,1011.33,35.27,0,0
37036,496,949,336,30.66,64.3,1011.33,35.36,0,0
37423,302,952,334,30.64,64.3,1011.33,34.8,0,0
37802,446,944,330,30.64,64.28,1011.34,34.97,0,0
38184,322,954,337,30.65,64.29,1011.34,35.12,0,0
38568,372,944,321,30.66,64.29,1011.33,35.12,0,0
38947,368,947,331,30.66,64.28,1011.33,35.21,0,0
39364,368,946,325,30.67,64.28,1011.34,35.39,0,0
39744,337,945,339,30.65,64.25,1011.34,34.68,0,0
40123,304,950,338,30.66,64.26,1011.34,34.95,0,0
40510,355,940,342,30.67,64.26,1011.34,35.12,0,0
40890,262,955,335,30.67,64.26,1011.33,35.12,0,0
41275,304,943,346,30.68,64.26,1011.33,35.24,0,0
41687,238,944,329,30.69,64.24,1011.34,35.18,0,0
42068,358,944,335,30.67,64.23,1011.33,34.66,0,0
42454,222,942,336,30.67,64.23,1011.33,34.86,0,0
42834,297,939,331,30.68,64.24,1011.33,34.95,0,0
43217,328,938,338,30.68,64.23,1011.32,35.12,0,0
43600,304,940,330,30.69,64.22,1011.32,35.06,0,0
44010,277,944,335,30.7,64.22,1011.32,35.18,0,0
44397,304,939,333,30.68,64.18,1011.33,34.68,0,0
44776,351,941,337,30.68,64.18,1011.32,34.77,0,0
45158,350,944,320,30.69,64.19,1011.33,35.06,0,0
45541,212,943,328,30.7,64.2,1011.33,35.09,0,0
45920,245,957,331,30.7,64.18,1011.33,35.06,0,0
46333,348,943,337,30.71,64.17,1011.33,35.3,0,0
46718,245,958,336,30.69,64.15,1011.33,34.74,0,0
47098,414,941,332,30.69,64.17,1011.33,34.77,0,0
47484,348,944,336,30.7,64.15,1011.33,35.06,0,0
47863,318,944,336,30.71,64.16,1011.33,35.12,0,0
48247,448,946,333,30.72,64.16,1011.32,35.21,0,0
48659,399,940,334,30.73,64.14,1011.32,35.18,0,0
49038,277,941,335,30.71,64.13,1011.32,34.66,0,0
49425,447,945,417,30.71,64.14,1011.33,35.03,0,0
49805,167,945,341,30.72,64.12,1011.33,34.92,0,0
50187,400,951,329,30.73,64.12,1011.34,35.06,0,0
50571,256,944,334,30.73,64.12,1011.34,35.15,0,0
50980,226,945,332,30.74,64.11,1011.35,35.18,0,0
51367,286,943,335,30.72,64.1,1011.34,34.74,0,0
51747,240,935,325,30.72,64.08,1011.34,34.66,0,0
52126,225,943,343,30.73,64.1,1011.34,35.03,0,0
52513,368,943,336,30.74,64.1,1011.34,35.18,0,0
52892,337,863,335,30.75,64.09,1011.34,35.06,0,0
53307,314,941,347,30.76,64.09,1011.33,35.21,0,0
53689,304,943,334,30.74,64.06,1011.34,34.71,0,0
54070,272,939,336,30.74,64.06,1011.33,34.83,0,0
54456,175,949,336,30.75,64.06,1011.33,35,0,0
54836,336,941,337,30.75,64.05,1011.33,35.12,0,0
55219,343,941,334,30.75,64.05,1011.33,35.06,0,0
55632,274,947,338,30.76,64.04,1011.33,35.21,0,0
56012,461,941,277,30.74,64.01,1011.33,34.71,0,0
56399,391,937,336,30.75,64.04,1011.33,34.95,0,0
56778,329,945,337,30.75,64.02,1011.32,35.03,0,0
57160,334,938,327,30.76,64.03,1011.32,35.18,0,0
57544,206,944,341,30.77,64.03,1011.32,35.18,0,0
57954,371,944,336,30.78,64.02,1011.32,35.21,0,0
58336,231,943,336,30.76,64,1011.33,34.83,0,0
58720,361,944,336,30.76,64,1011.33,34.95,0,0
59101,388,943,339,30.76,64,1011.34,35.09,0,0
59487,402,946,336,30.77,63.99,1011.33,35.18,0,0
59866,197,948,337,30.77,63.99,1011.33,35.21,0,0
60280,368,938,331,30.78,63.97,1011.34,35.45,0,0
60662,470,943,328,30.76,63.96,1011.34,34.83,0,0
61042,466,944,330,30.76,63.97,1011.34,34.92,0,0
61429,375,946,336,30.76,63.96,1011.33,35.18,0,0
61809,251,943,333,30.76,63.96,1011.34,35.27,0,0
62191,354,946,335,30.77,63.96,1011.33,35.21,0,0
62605,271,944,338,30.78,63.96,1011.34,35.36,0,0
62985,233,951,336,30.75,63.92,1011.33,34.97,0,0
63371,259,923,336,30.75,63.92,1011.33,35.06,0,0
63751,239,944,334,30.76,63.92,1011.34,34.97,0,0
64130,314,951,367,30.77,63.93,1011.33,35.36,0,0
64517,331,939,336,30.78,63.92,1011.33,35.42,0,0
64927,433,928,319,30.78,63.92,1011.33,35.36,0,0
65313,381,944,336,30.76,63.9,1011.33,34.92,0,0
65694,240,989,331,30.76,63.9,1011.34,35.06,0,0
66075,439,937,332,30.77,63.91,1011.33,35.3,0,0
66461,234,947,340,30.78,63.9,1011.33,35.27,0,0
66841,289,950,336,30.78,63.89,1011.33,35.36,0,0
67254,326,941,336,30.78,63.89,1011.33,35.51,0,0
67637,417,943,338,30.76,63.85,1011.33,34.95,0,0
68017,331,944,336,30.75,63.85,1011.34,35.24,0,0
68403,361,955,260,30.76,63.85,1011.33,35.39,0,0
68783,358,1010,336,30.76,63.85,1011.33,35.45,0,0
69165,321,939,330,30.76,63.84,1011.33,35.69,0,0
69579,413,944,336,30.77,63.84,1011.32,35.57,0,0
69959,323,933,337,30.75,63.84,1011.32,34.95,0,0
70341,289,938,336,30.75,63.83,1011.32,35.24,0,0
70725,303,957,326,30.76,63.82,1011.33,35.39,0,0
71106,304,944,334,30.77,63.83,1011.33,35.39,0,0
71490,304,945,336,30.78,63.84,1011.33,35.48,0,0
71900,278,944,336,30.78,63.82,1011.33,35.66,0,0
72284,225,942,326,30.76,63.79,1011.33,35.09,0,0
72666,394,946,345,30.76,63.78,1011.33,35.24,0,0
73045,304,946,346,30.76,63.79,1011.34,35.54,0,0
73432,359,943,329,30.76,63.78,1011.33,35.6,0,0
73812,330,945,331,30.76,63.76,1011.33,35.75,0,0
74225,203,950,343,30.76,63.76,1011.34,35.85,0,0
74609,349,944,339,30.74,63.73,1011.34,35.27,0,0
74987,204,944,337,30.73,63.72,1011.33,35.48,0,0
75374,320,951,336,30.74,63.71,1011.33,35.75,0,0
75754,325,944,329,30.74,63.7,1011.33,35.63,0,0
76133,244,946,336,30.74,63.7,1011.33,35.88,0,0
76550,272,938,337,30.75,63.69,1011.34,36.06,0,0
76930,342,941,326,30.73,63.65,1011.34,35.3,0,0
77316,331,944,333,30.73,63.65,1011.33,35.63,0,0
77697,340,945,325,30.73,63.65,1011.34,35.69,0,0
78078,282,943,336,30.74,63.64,1011.34,35.88,0,0
78464,477,941,334,30.74,63.63,1011.34,35.91,0,0
78873,362,935,327,30.74,63.63,1011.35,35.91,0,0
79258,273,944,329,30.71,63.6,1011.34,35.51,0,0
79640,369,940,326,30.7,63.59,1011.34,35.69,0,0
80020,385,943,336,30.7,63.58,1011.34,35.91,0,0
80407,319,937,336,30.7,63.58,1011.33,36.09,0,0
80786,166,944,327,30.7,63.56,1011.33,35.94,0,0
81198,240,944,349,30.7,63.56,1011.32,36.19,0,0
81582,310,949,333,30.67,63.52,1011.32,35.69,0,0
81961,269,946,349,30.66,63.54,1011.31,35.88,0,0
82344,240,947,341,30.67,63.53,1011.32,36.03,0,0
82728,147,939,342,30.67,63.53,1011.31,36.28,0,0
83109,234,938,343,30.68,63.51,1011.31,36.28,0,0
83524,262,944,336,30.68,63.51,1011.31,36.35,0,0
83903,305,939,326,30.66,63.49,1011.31,35.78,0,0
84287,339,946,340,30.65,63.49,1011.31,36.06,0,0
84669,255,950,336,30.65,63.5,1011.31,36.09,0,0
85048,340,939,338,30.66,63.5,1011.32,36.22,0,0
85435,321,944,336,30.67,63.49,1011.32,36.41,0,0
85844,240,935,327,30.67,63.49,1011.32,36.38,0,0
86227,370,944,329,30.65,63.46,1011.32,35.91,0,0
86610,318,939,330,30.65,63.46,1011.33,36.03,0,0
86989,283,934,339,30.65,63.46,1011.32,36.28,0,0
87376,391,942,333,30.65,63.45,1011.32,36.47,0,0
87756,344,939,327,30.65,63.44,1011.32,36.5,0,0
88166,316,944,298,30.65,63.44,1011.32,36.53,0,0
88554,267,939,336,30.63,63.42,1011.32,36.16,0,0
88933,379,934,341,30.62,63.41,1011.32,36.19,0,0
89318,439,946,339,30.62,63.41,1011.31,36.47,0,0
89699,272,942,333,30.62,63.4,1011.31,36.47,0,0
90080,380,942,328,30.62,63.39,1011.32,36.53,0,0
90496,298,934,330,30.62,63.38,1011.32,36.7,0,0
90876,259,946,363,30.6,63.37,1011.31,36.13,0,0
91260,320,943,341,30.6,63.37,1011.31,36.38,0,0
91642,385,951,327,30.6,63.37,1011.3,36.41,0,0
92022,222,920,336,30.61,63.37,1011.31,36.6,0,0
92409,350,940,342,30.62,63.36,1011.31,36.6,0,0
92818,343,942,330,30.62,63.38,1011.31,36.7,0,0
93202,416,941,338,30.61,63.35,1011.31,36.06,0,0
93584,332,941,324,30.61,63.35,1011.31,36.28,0,0
93963,202,943,335,30.62,63.34,1011.31,36.53,0,0
94346,335,930,330,30.62,63.35,1011.31,36.7,0,0
94730,326,930,326,30.62,63.33,1011.31,36.76,0,0
95141,365,943,336,30.62,63.3,1011.31,36.96,0,0
95526,323,940,326,30.6,63.29,1011.31,36.25,0,0
95906,102,945,336,30.59,63.28,1011.31,36.53,0,0
96291,336,944,342,30.6,63.27,1011.31,36.63,0,0
96671,362,945,335,30.6,63.27,1011.32,36.7,0,0
97051,293,929,322,30.6,63.25,1011.31,36.83,0,0
97468,256,943,336,30.61,63.24,1011.31,36.89,0,0
97848,262,934,331,30.59,63.22,1011.31,36.25,0,0
98231,321,933,324,30.59,63.22,1011.31,36.63,0,0
98614,259,943,337,30.59,63.2,1011.32,36.73,0,0
98993,466,933,327,30.6,63.2,1011.31,36.86,0,0
99380,345,948,333,30.6,63.19,1011.31,37.02,0,0
99790,176,944,336,30.59,63.17,1011.31,36.96,0,0
100170,384,938,336,30.57,63.15,1011.3,36.44,0,0
100557,312,960,322,30.57,63.14,1011.3,36.76,0,0
100936,420,944,336,30.56,63.13,1011.3,36.76,0,0
101321,326,933,333,30.56,63.12,1011.3,37.09,0,0
101702,218,944,338,30.56,63.11,1011.3,37.25,0,0
102113,450,941,328,30.56,63.1,1011.3,37.15,0,0
102499,304,943,335,30.54,63.08,1011.31,36.57,0,0
102879,356,938,329,30.54,63.07,1011.31,36.92,0,0
103263,318,934,337,30.55,63.08,1011.31,37.15,0,0
103645,330,933,338,30.55,63.08,1011.31,37.02,0,0
104025,343,932,333,30.56,63.04,1011.31,37.02,0,0
104442,373,938,333,30.57,63.04,1011.31,37.32,0,0
104822,394,929,323,30.55,63.01,1011.31,36.63,0,0
105205,352,936,336,30.54,62.99,1011.31,36.96,0,0
105587,358,938,148,30.54,63.01,1011.32,37.05,0,0
105966,338,944,324,30.54,62.97,1011.32,37.15,0,0
106350,337,944,327,30.54,62.96,1011.31,37.29,0,0
106762,354,939,329,30.53,62.94,1011.32,37.45,0,0
107144,336,940,325,30.5,62.92,1011.31,36.86,0,0
107529,320,933,335,30.49,62.91,1011.3,37.09,0,0
107907,415,941,323,30.49,62.89,1011.3,37.35,0,0
108293,320,943,321,30.49,62.88,1011.29,37.49,0,0
108673,374,939,330,30.49,62.88,1011.29,37.55,0,0
109084,485,939,335,30.49,62.86,1011.29,37.66,0,0
109470,304,935,327,30.47,62.87,1011.29,37.09,0,0
109849,317,938,331,30.47,62.85,1011.3,37.22,0,0
110232,379,944,332,30.48,62.86,1011.29,37.42,0,0
110615,336,946,324,30.49,62.84,1011.3,37.35,0,0
110993,405,933,321,30.5,62.84,1011.3,37.52,0,0
111411,291,941,335,30.5,62.82,1011.29,37.59,0,0
111791,406,929,320,30.47,62.78,1011.29,37.02,0,0
112170,256,937,337,30.46,62.78,1011.3,37.35,0,0
112557,349,933,333,30.47,62.8,1011.3,37.55,0,0
112937,205,933,331,30.46,62.78,1011.3,37.49,0,0
113322,351,935,332,30.47,62.78,1011.31,37.86,0,0
113733,310,934,314,30.46,62.76,1011.31,37.79,0,0
114115,246,933,331,30.44,62.75,1011.31,37.32,0,0
114500,243,935,330,30.43,62.75,1011.31,37.39,0,0
114880,349,941,338,30.43,62.74,1011.31,37.69,0,0
115264,371,937,330,30.43,62.76,1011.31,37.76,0,0
115646,256,943,281,30.44,62.74,1011.3,37.86,0,0
116056,413,897,332,30.44,62.73,1011.31,37.9,0,0
116443,336,939,330,30.43,62.72,1011.31,37.39,0,0
116823,350,926,320,30.42,62.71,1011.31,37.52,0,0
117206,286,932,332,30.43,62.73,1011.31,37.76,0,0
117588,378,935,329,30.43,62.71,1011.31,37.76,0,0
117967,378,930,320,30.44,62.71,1011.3,37.96,0,0
118381,381,940,329,30.44,62.69,1011.3,38.03,0,0
118764,171,944,331,30.42,62.68,1011.31,37.42,0,0
119146,454,929,320,30.41,62.67,1011.3,37.59,0,0
119531,309,931,327,30.42,62.68,1011.31,37.72,0,0
119909,270,939,279,30.42,62.67,1011.31,37.72,0,0
120295,247,939,327,30.42,62.67,1011.3,38,0,0
120705,277,930,321,30.42,62.65,1011.3,37.96,0,0
121086,305,929,319,30.4,62.63,1011.3,37.52,0,0
121472,339,935,327,30.4,62.63,1011.3,37.76,0,0
121852,381,937,332,30.4,62.62,1011.3,37.79,0,0
122235,359,929,320,30.39,62.62,1011.3,38.1,0,0
122618,335,930,318,30.39,62.61,1011.3,38.24,0,0
123027,368,928,343,30.39,62.6,1011.29,38.28,0,0
123414,333,939,335,30.36,62.58,1011.29,37.79,0,0
123793,242,934,320,30.35,62.56,1011.29,37.86,0,0
124172,335,941,323,30.35,62.57,1011.29,38.24,0,0
124559,263,941,332,30.35,62.55,1011.29,38.35,0,0
124939,281,868,331,30.35,62.55,1011.29,38.28,0,0
125355,432,935,334,30.35,62.53,1011.29,38.6,0,0
125735,303,939,336,30.32,62.52,1011.29,37.83,0,0
126117,178,935,326,30.31,62.53,1011.29,38.1,0,0
126502,173,938,336,30.32,62.53,1011.29,38.28,0,0
126882,283,944,377,30.32,62.54,1011.29,38.35,0,0
127266,310,933,327,30.33,62.52,1011.29,38.38,0,0
127678,374,935,322,30.33,62.52,1011.28,38.42,0,0
128059,304,932,327,30.31,62.5,1011.29,37.96,0,0
128444,288,943,331,30.31,62.49,1011.29,38.14,0,0
128824,423,935,322,30.32,62.49,1011.29,38.14,0,0
129207,299,926,321,30.33,62.49,1011.29,38.49,0,0
129590,400,934,333,30.33,62.48,1011.29,38.38,0,0
130000,304,933,332,30.34,62.48,1011.3,38.49,0,0
130384,309,938,335,30.32,62.48,1011.29,37.9,0,0
130767,327,944,322,30.33,62.45,1011.3,38.17,0,0
131150,260,933,326,30.33,62.45,1011.29,38.21,0,0
131533,234,941,335,30.35,62.46,1011.3,38.28,0,0
131912,300,929,322,30.35,62.44,1011.3,38.31,0,0
132328,319,931,325,30.36,62.44,1011.3,38.45,0,0
132709,411,1040,331,30.34,62.39,1011.3,37.76,0,0
133090,557,919,327,30.33,62.39,1011.3,38.17,0,0
133476,325,944,330,30.33,62.39,1011.3,38.35,0,0
133855,261,938,333,30.33,62.37,1011.3,38.49,0,0
134238,183,930,304,30.33,62.34,1011.29,38.6,0,0
134651,375,929,320,30.33,62.35,1011.29,38.49,0,0
135030,304,935,327,30.31,62.31,1011.29,38,0,0
135417,395,938,336,30.31,62.3,1011.29,38.31,0,0
135797,369,929,323,30.31,62.29,1011.29,38.42,0,0
136175,159,919,333,30.31,62.29,1011.29,38.63,0,0
136563,301,934,331,30.32,62.28,1011.28,38.81,0,0
136972,206,940,330,30.31,62.26,1011.29,38.63,0,0
137358,338,938,335,30.29,62.22,1011.29,38.17,0,0
137738,311,930,331,30.28,62.22,1011.3,38.38,0,0
138120,419,931,329,30.28,62.23,1011.3,38.63,0,0
138505,302,933,319,30.28,62.22,1011.3,38.7,0,0
138884,343,938,329,30.28,62.21,1011.3,38.7,0,0
139299,220,940,345,30.28,62.2,1011.3,38.96,0,0
139681,238,934,345,30.25,62.17,1011.29,38.42,0,0
140062,410,934,319,30.24,62.18,1011.29,38.56,0,0
140448,254,931,331,30.24,62.17,1011.29,38.74,0,0
140828,300,938,321,30.24,62.17,1011.29,38.81,0,0
141211,371,937,330,30.25,62.16,1011.3,39.06,0,0
141624,547,925,320,30.24,62.16,1011.3,39.03,0,0
142004,261,930,325,30.22,62.14,1011.29,38.49,0,0
142387,270,935,323,30.22,62.16,1011.29,38.7,0,0
142770,253,927,324,30.22,62.14,1011.29,38.85,0,0
143153,224,944,334,30.22,62.14,1011.29,38.88,0,0
143536,305,938,325,30.22,62.14,1011.28,39.14,0,0
143946,272,928,365,30.21,62.14,1011.28,39.17,0,0
144332,369,931,321,30.19,62.11,1011.28,38.6,0,0
144713,301,919,331,30.18,62.12,1011.29,38.7,0,0
145093,283,925,322,30.19,62.14,1011.29,38.96,0,0
145479,254,943,346,30.19,62.15,1011.29,39.14,0,0
145858,379,938,333,30.19,62.13,1011.3,39.1,0,0
146272,341,929,323,30.2,62.13,1011.3,39.21,0,0
146655,262,933,324,30.18,62.12,1011.3,38.63,0,0
147034,195,935,321,30.17,62.11,1011.29,38.81,0,0
147421,283,935,321,30.18,62.12,1011.29,39.17,0,0
147801,372,937,325,30.18,62.1,1011.28,39.1,0,0
148180,256,930,328,30.18,62.12,1011.29,39.17,0,0
148597,331,938,333,30.19,62.11,1011.3,39.43,0,0
148977,318,924,330,30.16,62.09,1011.29,38.74,0,0
149363,363,942,334,30.15,62.12,1011.3,39.1,0,0
149743,267,929,326,30.15,62.09,1011.29,39.1,0,0
150125,349,930,321,30.16,62.08,1011.28,39.28,0,0
150510,357,931,332,30.16,62.1,1011.29,39.32,0,0
150920,255,935,323,30.16,62.09,1011.29,39.28,0,0
151305,282,931,329,30.15,62.08,1011.28,38.77,0,0
151686,256,918,315,30.15,62.09,1011.29,38.99,0,0
152067,290,922,318,30.15,62.11,1011.29,39.17,0,0
152453,271,927,334,30.16,62.11,1011.29,39.28,0,0
152833,227,926,333,30.17,62.11,1011.29,39.4,0,0
153246,258,927,322,30.17,62.09,1011.28,39.36,0,0
153629,256,935,330,30.15,62.07,1011.28,38.67,0,0
154008,367,922,325,30.15,62.07,1011.28,39.1,0,0
154392,185,925,322,30.16,62.06,1011.29,39.28,0,0
154775,174,907,332,30.16,62.07,1011.29,39.28,0,0
155157,351,913,330,30.16,62.06,1011.29,39.36,0,0
155571,183,925,331,30.17,62.06,1011.29,39.32,0,0
155951,327,916,326,30.15,62.04,1011.29,38.74,0,0
156337,316,931,324,30.16,62.06,1011.29,38.99,0,0
156717,370,929,323,30.15,62.05,1011.3,39.21,0,0
157095,272,929,334,30.15,62.03,1011.3,39.43,0,0
157481,226,930,320,30.15,62.04,1011.3,39.54,0,0
157890,384,935,335,30.15,62.02,1011.29,39.58,0,0
158275,352,930,334,30.13,62.01,1011.29,39.06,0,0
158657,229,935,328,30.12,62,1011.29,39.1,0,0
159037,286,923,336,30.12,61.99,1011.28,39.32,0,0
159424,278,942,325,30.12,61.99,1011.28,39.58,0,0
159804,337,924,315,30.12,61.99,1011.28,39.51,0,0
160213,273,930,321,30.12,61.99,1011.28,39.62,0,0
160600,370,956,328,30.11,61.97,1011.28,39.1,0,0
160980,347,934,327,30.11,61.96,1011.28,39.21,0,0
161366,367,931,334,30.11,61.97,1011.28,39.4,0,0
161746,231,938,323,30.11,61.95,1011.28,39.54,0,0
162128,331,927,334,30.12,61.95,1011.28,39.66,0,0
162543,336,925,325,30.12,61.94,1011.28,39.7,0,0
162923,498,923,325,30.1,61.92,1011.27,38.92,0,0
163308,347,930,320,30.11,61.92,1011.27,39.47,0,0
163689,400,925,154,30.11,61.92,1011.28,39.47,0,0
164070,268,941,327,30.12,61.91,1011.28,39.77,0,0
164456,336,925,318,30.12,61.9,1011.28,39.66,0,0
164866,218,928,158,30.13,61.91,1011.28,39.66,0,0
165250,354,928,330,30.11,61.89,1011.28,39.14,0,0
165631,338,927,325,30.11,61.88,1011.28,39.36,0,0
166010,261,933,331,30.11,61.89,1011.28,39.51,0,0
166394,353,922,325,30.12,61.88,1011.28,39.7,0,0
166777,368,928,317,30.12,61.88,1011.28,39.54,0,0
167189,305,929,362,30.12,61.85,1011.28,39.7,0,0
167573,162,928,295,30.09,61.86,1011.28,39.14,0,0
167952,313,930,332,30.09,61.84,1011.29,39.32,0,0
168339,332,924,324,30.09,61.86,1011.29,39.62,0,0
168718,307,924,327,30.09,61.84,1011.29,39.7,0,0
169100,338,918,323,30.08,61.85,1011.29,39.7,0,0
169515,339,930,336,30.08,61.84,1011.29,39.96,0,0
169894,304,923,321,30.05,61.82,1011.29,39.17,0,0
170278,357,928,318,30.05,61.84,1011.28,39.66,0,0
170660,389,925,324,30.05,61.83,1011.28,39.7,0,0
171039,367,922,321,30.05,61.84,1011.29,39.88,0,0
171426,235,934,333,30.06,61.85,1011.29,40,0,0
171836,256,933,331,30.06,61.82,1011.29,39.81,0,0
172217,326,930,320,30.04,61.82,1011.3,39.25,0,0
172603,257,927,326,30.04,61.82,1011.29,39.51,0,0
172982,334,928,321,30.04,61.84,1011.28,39.62,0,0
173368,263,931,330,30.05,61.82,1011.28,39.73,0,0
173748,251,930,320,30.05,61.83,1011.28,39.85,0,0
174160,293,915,311,30.06,61.83,1011.28,40.15,0,0
174545,304,925,321,30.04,61.82,1011.28,39.43,0,0
174924,229,927,321,30.05,61.82,1011.28,39.54,0,0
175310,294,922,325,30.05,61.81,1011.28,39.81,0,0
175691,298,939,331,30.06,61.82,1011.28,39.92,0,0
176072,253,925,322,30.07,61.81,1011.28,39.88,0,0
176488,304,928,322,30.07,61.83,1011.28,39.92,0,0
176868,309,930,322,30.05,61.79,1011.27,39.36,0,0
177252,281,917,316,30.05,61.8,1011.27,39.58,0,0
177634,436,922,311,30.06,61.79,1011.27,39.62,0,0
178013,402,932,320,30.06,61.8,1011.27,39.81,0,0
178397,336,927,325,30.07,61.8,1011.28,39.96,0,0
178810,263,922,319,30.07,61.8,1011.28,40,0,0
179193,256,941,328,30.06,61.78,1011.28,39.28,0,0
179575,337,927,322,30.06,61.76,1011.28,39.58,0,0
179954,347,928,325,30.06,61.77,1011.29,39.7,0,0
180341,318,923,362,30.06,61.76,1011.29,39.73,0,0
180720,357,928,322,30.06,61.77,1011.28,39.92,0,0
181132,318,925,319,30.05,61.76,1011.27,40.08,0,0
181517,179,927,331,30.03,61.73,1011.28,39.47,0,0
181897,313,927,325,30.01,61.73,1011.28,39.73,0,0
182281,381,934,320,30.02,61.73,1011.28,40,0,0
182663,255,915,324,30.02,61.72,1011.28,40.12,0,0
183042,298,918,331,30.02,61.73,1011.28,40.04,0,0
183459,272,923,319,30.03,61.74,1011.28,40.35,0,0
183839,122,926,336,30,61.7,1011.28,39.7,0,0
184219,272,918,314,30,61.7,1011.28,39.96,0,0
184605,247,922,313,30,61.72,1011.28,40.27,0,0
184984,302,930,320,30,61.7,1011.28,40.12,0,0
185370,278,927,331,30.01,61.68,1011.27,40.35,0,0
185780,358,925,320,30.01,61.66,1011.27,40.27,0,0
186163,384,923,326,29.99,61.65,1011.27,39.62,0,0
186547,249,921,311,29.99,61.66,1011.27,40.08,0,0
186926,430,923,321,29.99,61.66,1011.27,40.12,0,0
187312,298,918,320,30,61.66,1011.27,40.19,0,0
187693,234,928,318,30,61.66,1011.26,40.31,0,0
188104,328,933,327,30,61.64,1011.26,40.31,0,0
188490,368,928,321,29.98,61.65,1011.27,39.66,0,0
188869,270,930,322,29.98,61.63,1011.27,40,0,0
189254,230,923,325,29.98,61.65,1011.27,40.08,0,0
189636,226,922,325,29.99,61.65,1011.27,40.23,0,0
190015,304,928,319,29.99,61.63,1011.27,40.12,0,0
190430,373,921,316,30,61.63,1011.27,40.43,0,0
190812,287,919,310,29.98,61.6,1011.27,39.88,0,0
191195,163,923,324,29.97,61.61,1011.27,40.19,0,0
191577,332,914,316,29.97,61.6,1011.26,40.19,0,0
191956,427,921,317,29.96,61.59,1011.27,40.23,0,0
192343,293,925,322,29.96,61.58,1011.26,40.54,0,0
192753,183,923,317,29.96,61.58,1011.26,40.54,0,0
193135,270,922,323,29.94,61.56,1011.26,40,0,0
193520,304,929,306,29.94,61.57,1011.27,40.19,0,0
193899,303,929,321,29.94,61.57,1011.27,40.27,0,0
194284,320,925,327,29.95,61.56,1011.27,40.5,0,0
194666,271,925,320,29.95,61.57,1011.26,40.39,0,0
195076,261,916,322,29.96,61.55,1011.26,40.62,0,0
195462,231,929,320,29.95,61.55,1011.26,40,0,0
195842,174,922,326,29.94,61.55,1011.26,40.12,0,0
196222,240,927,320,29.95,61.56,1011.26,40.58,0,0
196608,313,927,328,29.96,61.54,1011.26,40.39,0,0
196988,272,929,320,29.96,61.57,1011.26,40.47,0,0
197405,306,931,320,29.96,61.54,1011.27,40.54,0,0
197784,72,883,315,29.94,61.54,1011.26,39.96,0,0
198166,311,928,298,29.95,61.54,1011.26,40,0,0
198550,342,929,66,29.95,61.54,1011.25,40.27,0,0
198929,442,919,321,29.96,61.54,1011.25,40.27,0,0
199315,311,930,323,29.97,61.53,1011.25,40.58,0,0
199726,325,934,316,29.97,61.53,1011.26,40.5,0,0
200108,391,926,320,29.95,61.51,1011.26,39.77,0,0
200493,231,919,325,29.95,61.53,1011.25,40.19,0,0
200873,320,923,328,29.96,61.51,1011.26,40.15,0,0
201257,262,923,321,29.97,61.51,1011.27,40.54,0,0
201639,243,921,331,29.98,61.51,1011.27,40.31,0,0
202049,356,918,320,29.98,61.53,1011.26,40.47,0,0
202433,167,926,327,29.97,61.51,1011.26,39.73,0,0
202815,314,913,316,29.97,61.5,1011.26,40.15,0,0
203199,269,919,320,29.97,61.51,1011.26,40.31,0,0
203581,87,917,331,29.98,61.51,1011.27,40.35,0,0
203960,211,925,285,29.99,61.52,1011.27,40.35,0,0
204377,225,933,330,30,61.5,1011.27,40.47,0,0
204757,318,907,321,29.99,61.49,1011.26,39.73,0,0
205139,402,917,319,30,61.52,1011.26,39.88,0,0
205524,305,927,318,30.01,61.5,1011.26,40.12,0,0
205902,389,918,353,30.01,61.5,1011.26,40.31,0,0
206287,267,929,320,30.02,61.5,1011.26,40.23,0,0
206699,241,919,333,30.02,61.49,1011.27,40.08,0,0
207079,211,929,330,30.01,61.47,1011.26,39.85,0,0
207465,219,854,319,30,61.48,1011.27,40,0,0
207844,323,928,321,30,61.46,1011.27,40,0,0
208225,139,928,367,30.01,61.47,1011.26,40.15,0,0
208611,400,933,322,30.02,61.46,1011.27,40.23,0,0
209021,269,928,322,30.03,61.45,1011.27,40.27,0,0
209409,235,917,320,30.02,61.44,1011.27,39.73,0,0
209788,116,933,321,30.02,61.44,1011.28,39.96,0,0
210170,176,914,326,30.03,61.43,1011.27,40.15,0,0
210554,352,937,317,30.04,61.43,1011.27,40.12,0,0
210933,304,932,320,30.05,61.41,1011.28,40.23,0,0
211349,180,931,330,30.06,61.39,1011.28,40.47,0,0
211730,285,928,321,30.04,61.36,1011.27,39.77,0,0
212112,402,925,370,30.03,61.38,1011.27,39.88,0,0
212497,309,927,323,30.04,61.37,1011.28,40.19,0,0
212877,304,923,333,30.04,61.35,1011.28,40.19,0,0
213261,237,919,314,30.05,61.34,1011.29,40.47,0,0
213673,338,925,323,30.06,61.32,1011.28,40.31,0,0
214053,187,913,316,30.03,61.32,1011.28,39.81,0,0
214437,275,929,318,30.03,61.31,1011.27,40.12,0,0
214819,219,919,319,30.03,61.28,1011.27,40.23,0,0
215203,304,928,320,30.02,61.28,1011.27,40.39,0,0
215585,267,927,320,30.01,61.28,1011.27,40.47,0,0
215995,242,928,329,30.01,61.26,1011.27,40.47,0,0
216383,228,926,333,29.98,61.24,1011.27,40.04,0,0
216762,405,927,318,29.97,61.23,1011.28,39.96,0,0
217143,268,927,322,29.97,61.23,1011.27,40.62,0,0
217527,300,928,326,29.97,61.21,1011.26,40.58,0,0
217906,302,934,327,29.97,61.2,1011.26,40.58,0,0
218322,272,928,339,29.97,61.2,1011.26,40.86,0,0
218702,192,930,320,29.94,61.16,1011.26,40.35,0,0
219083,305,918,315,29.94,61.17,1011.26,40.58,0,0
219469,297,925,311,29.94,61.17,1011.26,40.86,0,0
219848,305,933,322,29.94,61.15,1011.25,40.82,0,0
220229,290,927,327,29.94,61.17,1011.25,40.94,0,0
220645,350,929,423,29.94,61.13,1011.25,41.02,0,0
221025,320,929,331,29.91,61.11,1011.25,40.39,0,0
221412,299,915,321,29.91,61.13,1011.25,40.7,0,0
221791,288,934,311,29.91,61.12,1011.25,40.74,0,0
222174,256,937,318,29.92,61.12,1011.26,40.9,0,0
222558,282,938,340,29.92,61.12,1011.25,41.14,0,0
222968,323,924,321,29.92,61.12,1011.25,41.22,0,0
223355,260,931,336,29.91,61.09,1011.25,40.54,0,0
223735,218,923,315,29.91,61.09,1011.26,40.7,0,0
224117,203,918,329,29.92,61.1,1011.25,40.78,0,0
224502,337,922,325,29.93,61.11,1011.25,40.98,0,0
224881,268,938,320,29.93,61.11,1011.25,41.06,0,0
225296,220,919,325,29.94,61.1,1011.26,41.02,0,0
225678,313,935,321,29.91,61.09,1011.26,40.43,0,0
226057,367,925,313,29.91,61.1,1011.26,40.9,0,0
226442,339,926,321,29.91,61.09,1011.26,40.9,0,0
226824,371,932,180,29.91,61.09,1011.25,40.94,0,0
227208,285,931,326,29.91,61.09,1011.25,40.98,0,0
227622,241,915,322,29.91,61.07,1011.25,41.22,0,0
228001,377,933,313,29.89,61.07,1011.26,40.47,0,0
228388,361,927,327,29.89,61.07,1011.26,40.86,0,0
228767,311,919,324,29.89,61.08,1011.26,40.98,0,0
229148,303,923,321,29.9,61.08,1011.25,41.18,0,0
229533,310,931,333,29.9,61.07,1011.25,41.18,0,0
229942,276,919,315,29.91,61.09,1011.24,41.22,0,0
230327,334,915,311,29.89,61.06,1011.24,40.78,0,0
230708,275,818,324,29.89,61.05,1011.25,40.82,0,0
231089,192,926,317,29.89,61.06,1011.25,40.9,0,0
231475,270,925,305,29.89,61.05,1011.25,40.98,0,0
231855,403,927,320,29.89,61.06,1011.24,41.14,0,0
232265,275,922,310,29.89,61.06,1011.25,41.22,0,0
232651,304,930,304,29.87,61.04,1011.26,40.7,0,0
233031,269,923,324,29.87,61.04,1011.26,40.78,0,0
233418,272,926,317,29.88,61.05,1011.26,40.82,0,0
233798,329,926,310,29.89,61.07,1011.26,40.98,0,0
234180,332,923,320,29.89,61.05,1011.25,41.02,0,0
234594,409,927,333,29.89,61.06,1011.26,41.31,0,0
234974,288,921,319,29.87,61.04,1011.25,40.47,0,0
235360,384,944,324,29.87,61.06,1011.25,40.86,0,0
235740,308,922,325,29.88,61.05,1011.25,41.02,0,0
236122,285,923,320,29.89,61.07,1011.25,41.1,0,0
236507,214,919,320,29.9,61.05,1011.25,40.98,0,0
236917,314,919,321,29.9,61.05,1011.26,41.1,0,0
237302,444,922,310,29.88,61.03,1011.26,40.7,0,0
237683,309,914,321,29.88,61.04,1011.26,40.78,0,0
238062,304,929,318,29.88,61.04,1011.26,40.9,0,0
238448,336,911,325,29.88,61.04,1011.26,41.06,0,0
238829,314,919,314,29.88,61.03,1011.25,41.26,0,0
239242,263,926,326,29.88,61.04,1011.25,41.14,0,0
239625,165,930,335,29.85,61.01,1011.25,40.78,0,0
240004,347,921,316,29.85,61.03,1011.25,41.02,0,0
240392,198,925,315,29.85,61.03,1011.24,41.18,0,0
240771,381,929,321,29.85,61.03,1011.24,41.14,0,0
241153,379,923,322,29.85,61.04,1011.24,41.26,0,0
241568,305,929,311,29.85,61.04,1011.25,41.35,0,0
241947,335,919,323,29.83,61.02,1011.25,40.78,0,0
242333,122,923,319,29.83,61.03,1011.24,40.94,0,0
242713,322,929,327,29.83,61.05,1011.24,41.06,0,0
243093,350,944,313,29.84,61.05,1011.24,41.1,0,0
243479,373,912,314,29.85,61.06,1011.25,41.39,0,0
243888,321,921,320,29.85,61.06,1011.25,41.31,0,0
244269,416,925,320,29.83,61.06,1011.25,40.82,0,0
244654,171,922,320,29.82,61.07,1011.25,40.94,0,0
245034,407,926,320,29.82,61.07,1011.25,41.1,0,0
245421,299,925,317,29.83,61.09,1011.26,41.43,0,0
245800,228,1006,320,29.83,61.09,1011.25,41.14,0,0
246213,404,922,310,29.84,61.12,1011.25,41.47,0,0
246597,307,919,311,29.82,61.11,1011.25,40.62,0,0
246976,304,921,330,29.82,61.11,1011.24,40.9,0,0
247363,205,922,313,29.82,61.14,1011.25,41.18,0,0
247743,370,929,325,29.82,61.15,1011.25,41.1,0,0
248125,251,930,324,29.83,61.19,1011.25,41.06,0,0
248540,193,926,336,29.84,61.19,1011.25,41.06,0,0
248920,159,926,323,29.82,61.19,1011.24,40.58,0,0
249305,386,912,317,29.82,61.2,1011.24,40.94,0,0
249686,199,927,318,29.83,61.22,1011.24,40.9,0,0
250065,311,923,321,29.84,61.24,1011.24,40.94,0,0
250451,168,918,321,29.85,61.26,1011.24,41.18,0,0
250862,320,918,312,29.86,61.26,1011.25,41.1,0,0
251247,267,921,320,29.84,61.26,1011.24,40.39,0,0
251628,326,925,326,29.85,61.28,1011.24,40.5,0,0
252008,306,914,314,29.86,61.29,1011.25,40.58,0,0
252395,255,918,307,29.87,61.31,1011.25,40.74,0,0
252774,326,924,316,29.87,61.32,1011.25,40.66,0,0
253186,332,916,313,29.87,61.32,1011.26,41.06,0,0
253570,210,912,310,29.86,61.31,1011.25,40.35,0,0
253949,386,926,325,29.85,61.32,1011.25,40.5,0,0
254335,375,917,314,29.86,61.34,1011.25,40.66,0,0
254716,269,913,320,29.87,61.34,1011.26,40.94,0,0
255097,286,923,327,29.87,61.34,1011.26,40.82,0,0
255513,496,919,258,29.88,61.37,1011.26,40.94,0,0
255893,375,919,322,29.86,61.36,1011.26,40.43,0,0
256274,267,919,322,29.86,61.36,1011.26,40.54,0,0
256659,244,923,320,29.86,61.38,1011.26,40.74,0,0
257039,339,922,330,29.85,61.37,1011.25,40.82,0,0
257426,383,919,334,29.85,61.38,1011.26,40.94,0,0
257836,298,922,317,29.85,61.37,1011.26,41.02,0,0
258219,329,925,320,29.82,61.36,1011.26,40.43,0,0
258602,272,913,318,29.82,61.4,1011.26,40.58,0,0
258981,291,917,324,29.82,61.41,1011.25,40.7,0,0
259368,282,921,321,29.82,61.43,1011.25,41.1,0,0
259748,165,921,318,29.82,61.45,1011.25,40.82,0,0
260160,286,925,331,29.83,61.46,1011.26,40.94,0,0
260545,281,927,319,29.81,61.47,1011.26,40.35,0,0
260924,189,918,321,29.81,61.49,1011.26,40.43,0,0
261310,207,926,317,29.81,61.49,1011.26,40.9,0,0
261691,339,927,319,29.81,61.51,1011.26,40.78,0,0
262070,323,919,320,29.81,61.52,1011.26,41.06,0,0
262486,231,926,321,29.82,61.54,1011.26,40.98,0,0
262867,258,923,314,29.79,61.53,1011.26,40.35,0,0
263252,431,922,310,29.79,61.55,1011.26,40.7,0,0
263634,244,923,315,29.78,61.58,1011.26,40.74,0,0
264014,244,929,323,29.78,61.6,1011.25,40.82,0,0
264401,240,931,328,29.79,61.59,1011.26,40.94,0,0
264811,213,927,320,29.79,61.62,1011.26,41.02,0,0
265194,199,918,315,29.78,61.62,1011.26,40.39,0,0
265576,233,938,326,29.78,61.64,1011.26,40.62,0,0
265955,256,924,318,29.78,61.65,1011.26,40.7,0,0
266342,290,928,334,29.79,61.68,1011.25,40.94,0,0
266722,379,931,328,29.79,61.69,1011.25,41.02,0,0
267134,380,922,316,29.79,61.69,1011.24,40.94,0,0
267519,272,944,336,29.77,61.71,1011.25,40.35,0,0
267899,262,923,334,29.77,61.72,1011.24,40.43,0,0
268280,127,932,320,29.78,61.75,1011.24,40.58,0,0
268665,288,927,336,29.79,61.76,1011.24,40.9,0,0
269045,310,921,329,29.8,61.77,1011.24,40.7,0,0
269462,268,918,320,29.8,61.79,1011.24,40.94,0,0
269842,204,933,327,29.78,61.79,1011.24,40.23,0,0
270225,282,937,326,29.78,61.81,1011.24,40.62,0,0
270608,275,923,321,29.79,61.84,1011.24,40.54,0,0
270987,243,929,330,29.79,61.85,1011.24,40.66,0,0
271375,220,924,326,29.8,61.86,1011.24,40.66,0,0
271784,259,914,313,29.8,61.86,1011.24,40.7,0,0
272167,398,922,319,29.79,61.89,1011.24,40.19,0,0
272551,412,912,322,29.79,61.92,1011.24,40.5,0,0
272930,345,919,318,29.8,61.92,1011.25,40.43,0,0
273316,276,928,313,29.81,61.94,1011.25,40.43,0,0
273697,454,915,317,29.82,61.95,1011.24,40.5,0,0
274106,365,921,326,29.83,61.96,1011.24,40.7,0,0
274493,174,926,326,29.81,61.97,1011.24,40.08,0,0
274873,349,916,319,29.81,61.98,1011.24,40.12,0,0
275258,253,923,331,29.81,62,1011.24,40.39,0,0
275640,465,924,327,29.81,62.02,1011.24,40.54,0,0
276020,396,909,313,29.82,62.01,1011.24,40.54,0,0
276437,377,923,320,29.82,62.03,1011.24,40.78,0,0
276817,234,924,331,29.79,62.01,1011.24,39.81,0,0
277200,171,917,325,29.79,62.04,1011.25,40.08,0,0
277583,456,915,320,29.8,62.06,1011.25,40.23,0,0
277962,275,929,327,29.8,62.07,1011.24,40.43,0,0
278349,180,938,327,29.81,62.07,1011.24,40.5,0,0
278760,285,925,327,29.81,62.11,1011.24,40.31,0,0
279141,290,918,331,29.79,62.09,1011.23,39.85,0,0
279526,269,925,315,29.79,62.11,1011.23,40.15,0,0
279904,240,916,314,29.79,62.13,1011.23,40.19,0,0
280286,401,925,325,29.8,62.15,1011.23,40.43,0,0
280671,399,922,323,29.8,62.16,1011.24,40.54,0,0
281082,160,925,298,29.81,62.18,1011.24,40.7,0,0
281469,397,926,322,29.79,62.16,1011.24,40,0,0
281848,297,918,319,29.79,62.19,1011.24,40.08,0,0
282231,337,919,321,29.8,62.2,1011.25,40.43,0,0
282614,275,921,324,29.81,62.21,1011.24,40.27,0,0
282992,147,921,320,29.82,62.23,1011.24,40.27,0,0
283410,387,927,336,29.84,62.24,1011.25,40.43,0,0
283790,327,921,325,29.82,62.25,1011.25,39.62,0,0
284172,261,918,322,29.83,62.26,1011.25,40.08,0,0
284556,366,923,321,29.83,62.26,1011.25,40.04,0,0
284935,338,923,319,29.84,62.27,1011.25,40.15,0,0
285321,366,915,316,29.85,62.29,1011.26,40.39,0,0
285732,174,913,330,29.85,62.29,1011.26,40.31,0,0
286112,310,929,320,29.83,62.27,1011.26,39.7,0,0
286498,302,924,333,29.83,62.3,1011.26,39.88,0,0
286878,334,930,329,29.84,62.29,1011.26,40,0,0
287262,307,933,324,29.85,62.32,1011.25,40.12,0,0
287644,288,923,329,29.85,62.32,1011.25,40.15,0,0
288054,165,927,339,29.87,62.34,1011.25,40.23,0,0
288441,246,923,326,29.85,62.34,1011.25,39.7,0,0
288820,202,929,325,29.85,62.34,1011.25,39.58,0,0
289204,351,933,320,29.86,62.37,1011.25,40,0,0
289587,399,921,329,29.87,62.39,1011.25,39.81,0,0
289966,249,930,324,29.88,62.39,1011.25,40,0,0
290383,282,918,320,29.89,62.38,1011.25,40.12,0,0
290763,277,935,320,29.88,62.4,1011.25,39.4,0,0
291146,305,919,318,29.88,62.4,1011.24,39.66,0,0
291530,208,937,320,29.89,62.4,1011.23,39.62,0,0
291908,369,910,322,29.9,62.39,1011.24,39.73,0,0
292290,205,916,325,29.91,62.41,1011.24,40.12,0,0
292705,410,923,322,29.91,62.42,1011.24,40.15,0,0
293086,320,918,315,29.89,62.41,1011.25,39.54,0,0
293472,350,930,324,29.89,62.42,1011.25,39.54,0,0
293851,245,929,324,29.9,62.43,1011.25,39.7,0,0
294235,399,918,332,29.91,62.44,1011.25,39.77,0,0
294618,396,932,333,29.91,62.44,1011.26,40,0,0
295027,382,922,325,29.92,62.45,1011.26,39.92,0,0
295415,321,930,320,29.91,62.45,1011.26,39.32,0,0
295794,284,922,314,29.91,62.46,1011.26,39.25,0,0
296176,368,918,317,29.92,62.46,1011.26,39.7,0,0
296560,199,923,339,29.92,62.47,1011.26,39.62,0,0
296939,285,915,318,29.93,62.48,1011.25,39.92,0,0
297356,354,918,319,29.94,62.48,1011.25,39.85,0,0
297737,385,923,322,29.92,62.48,1011.24,39.14,0,0
298116,353,928,322,29.93,62.5,1011.24,39.17,0,0
298503,359,941,320,29.94,62.5,1011.25,39.51,0,0
298883,176,927,331,29.95,62.51,1011.25,39.4,0,0
299268,289,919,320,29.96,62.51,1011.26,39.7,0,0
299680,157,926,330,29.97,62.53,1011.26,39.58,0,0
300061,241,914,323,29.95,62.51,1011.26,38.99,0,0
300447,318,938,324,29.95,62.53,1011.25,39.25,0,0
300827,501,923,323,29.95,62.53,1011.25,39.32,0,0
301210,341,924,329,29.95,62.53,1011.25,39.36,0,0
301593,304,929,329,29.95,62.54,1011.25,39.7,0,0
302002,343,927,334,29.96,62.55,1011.25,39.62,0,0
302390,323,922,322,29.94,62.53,1011.24,39.06,0,0
302769,304,942,326,29.94,62.55,1011.25,39.14,0,0
303151,398,922,306,29.95,62.55,1011.26,39.47,0,0
303534,221,917,319,29.95,62.55,1011.25,39.28,0,0
303913,267,922,315,29.96,62.58,1011.25,39.54,0,0
304325,329,925,319,29.96,62.59,1011.25,39.54,0,0
304710,199,922,320,29.95,62.59,1011.25,39.1,0,0
305091,299,920,326,29.95,62.59,1011.25,39.03,0,0
305477,343,930,323,29.96,62.6,1011.24,39.32,0,0
305856,471,928,320,29.96,62.61,1011.25,39.47,0,0
306240,278,921,317,29.96,62.63,1011.26,39.54,0,0
306652,314,925,324,29.96,62.63,1011.25,39.66,0,0
307031,294,921,326,29.94,62.62,1011.26,38.85,0,0
307418,395,896,329,29.94,62.64,1011.25,39.28,0,0
307798,324,932,327,29.94,62.64,1011.26,39.28,0,0
308180,266,933,324,29.94,62.66,1011.26,39.32,0,0
308564,321,925,321,29.94,62.66,1011.26,39.62,0,0
308973,326,925,336,29.94,62.66,1011.25,39.62,0,0
309359,279,931,331,29.92,62.63,1011.26,39.28,0,0
309739,268,927,320,29.91,62.65,1011.26,39.32,0,0
310118,177,983,333,29.92,62.67,1011.25,39.54,0,0
310505,466,935,321,29.92,62.7,1011.25,39.66,0,0
310885,336,928,325,29.92,62.7,1011.26,39.54,0,0
311301,272,931,325,29.92,62.71,1011.25,39.73,0,0
311682,304,928,320,29.9,62.71,1011.25,38.96,0,0
312063,268,929,324,29.9,62.73,1011.25,39.17,0,0
312449,272,930,331,29.91,62.74,1011.25,39.54,0,0
312828,363,946,322,29.92,62.75,1011.25,39.51,0,0
313212,337,922,157,29.93,62.76,1011.25,39.54,0,0
313625,183,925,313,29.94,62.78,1011.25,39.58,0,0
314005,371,942,325,29.93,62.78,1011.26,38.96,0,0
314392,343,927,311,29.94,62.8,1011.26,39.25,0,0
314771,422,922,322,29.94,62.8,1011.26,39.32,0,0
315153,381,925,325,29.94,62.81,1011.25,39.43,0,0
315537,295,931,333,29.95,62.81,1011.25,39.47,0,0
315946,426,921,328,29.95,62.81,1011.25,39.47,0,0
316329,416,919,322,29.94,62.82,1011.25,38.88,0,0
316713,320,919,326,29.94,62.83,1011.24,39.14,0,0
317094,210,929,331,29.95,62.85,1011.25,39.21,0,0
317480,326,929,318,29.96,62.86,1011.24,39.25,0,0
317858,367,926,354,29.96,62.85,1011.25,39.28,0,0
318273,447,933,332,29.97,62.86,1011.25,39.43,0,0
318656,114,914,326,29.95,62.85,1011.25,38.77,0,0
319035,323,926,320,29.95,62.87,1011.25,39.1,0,0
319422,358,928,343,29.96,62.86,1011.26,39.1,0,0
319801,229,928,332,29.96,62.88,1011.25,39.03,0,0
320184,368,928,320,29.96,62.88,1011.25,39.28,0,0
320598,351,925,321,29.96,62.89,1011.25,39.47,0,0
320978,255,929,325,29.94,62.87,1011.24,38.7,0,0
321364,240,925,321,29.94,62.89,1011.24,39.14,0,0
321744,358,927,322,29.95,62.92,1011.25,39.1,0,0
322123,245,931,333,29.96,62.91,1011.25,39.1,0,0
322510,303,925,317,29.97,62.94,1011.25,39.54,0,0
322920,370,922,233,29.98,62.94,1011.26,39.36,0,0
323306,201,914,321,29.96,62.94,1011.25,38.7,0,0
323687,223,939,330,29.96,62.95,1011.26,39.06,0,0
324068,305,931,331,29.96,62.95,1011.25,39.06,0,0
324454,270,927,331,29.96,62.96,1011.26,39.4,0,0
324834,369,925,320,29.96,62.98,1011.26,39.14,0,0
325247,523,942,326,29.96,62.98,1011.26,39.32,0,0
325630,306,922,304,29.95,62.99,1011.26,38.67,0,0
326010,218,918,329,29.95,63,1011.26,38.92,0,0
326396,145,924,334,29.95,63.02,1011.26,39.1,0,0
326775,288,918,323,29.96,63.03,1011.25,39.1,0,0
327158,255,924,320,29.96,63.03,1011.25,39.32,0,0
327572,317,927,327,29.97,63.04,1011.25,39.4,0,0
327952,326,915,323,29.95,63.03,1011.26,38.45,0,0
328334,252,919,335,29.95,63.05,1011.26,38.92,0,0
328718,323,929,329,29.95,63.06,1011.26,38.88,0,0
329100,310,917,318,29.96,63.09,1011.25,39.03,0,0
329484,402,905,325,29.97,63.1,1011.26,39.14,0,0
329893,194,918,331,29.97,63.1,1011.25,39.25,0,0
330278,240,925,325,29.95,63.1,1011.26,38.7,0,0
330660,366,925,329,29.95,63.11,1011.25,38.85,0,0
331039,144,918,317,29.95,63.12,1011.25,38.85,0,0
331426,304,927,320,29.96,63.14,1011.25,39.17,0,0
331806,293,931,347,29.97,63.15,1011.26,39.06,0,0
332219,295,931,317,29.98,63.18,1011.26,39.25,0,0
332602,487,925,325,29.97,63.15,1011.25,38.63,0,0
332981,197,931,327,29.97,63.16,1011.25,38.85,0,0
333368,335,925,334,29.98,63.18,1011.25,38.81,0,0
333748,446,861,326,29.98,63.2,1011.25,38.99,0,0
334127,305,921,320,29.99,63.19,1011.26,38.96,0,0
334544,227,923,325,30,63.2,1011.26,39.17,0,0
334924,209,925,325,29.99,63.2,1011.26,38.49,0,0
335310,357,933,322,29.99,63.21,1011.25,38.67,0,0
335691,379,928,324,29.99,63.23,1011.25,38.74,0,0
336072,368,927,324,30,63.22,1011.26,38.85,0,0
336458,370,924,320,30.01,63.23,1011.26,38.99,0,0
336868,395,928,321,30.01,63.24,1011.27,38.99,0,0
337252,167,931,319,30,63.24,1011.26,38.45,0,0
337634,415,915,318,29.99,63.25,1011.27,38.56,0,0
338014,310,917,319,30,63.24,1011.26,38.7,0,0
338401,361,931,331,30.01,63.24,1011.26,38.99,0,0
338781,240,877,326,30.01,63.26,1011.26,38.85,0,0
339193,353,927,322,30.02,63.26,1011.26,39.06,0,0
339577,279,923,322,30,63.25,1011.26,38.45,0,0
339956,237,923,291,30,63.28,1011.25,38.49,0,0
340339,173,925,335,30.01,63.27,1011.26,38.7,0,0
340723,366,921,325,30.02,63.28,1011.26,38.77,0,0
341105,313,915,317,30.03,63.29,1011.26,38.85,0,0
341520,230,926,320,30.04,63.3,1011.27,38.85,0,0
341900,169,922,327,30.02,63.29,1011.26,38.38,0,0
342284,349,919,325,30.02,63.29,1011.27,38.42,0,0
342666,331,926,321,30.02,63.3,1011.26,38.63,0,0
343045,282,784,323,30.03,63.3,1011.26,38.77,0,0
343432,293,927,333,30.04,63.31,1011.27,38.74,0,0
343840,372,929,327,30.05,63.32,1011.27,38.96,0,0
344224,318,930,333,30.03,63.31,1011.27,38.42,0,0
344607,327,927,327,30.02,63.3,1011.26,38.42,0,0
344986,358,922,334,30.03,63.32,1011.26,38.67,0,0
345373,319,971,334,30.04,63.31,1011.26,38.81,0,0
345753,381,925,327,30.03,63.31,1011.26,38.63,0,0
346162,368,924,334,30.04,63.33,1011.26,38.92,0,0
346549,247,928,335,30.02,63.32,1011.27,38.42,0,0
346928,304,930,322,30.02,63.31,1011.26,38.42,0,0
347313,281,922,334,30.03,63.34,1011.27,38.67,0,0
347694,373,921,319,30.04,63.35,1011.26,38.67,0,0
348075,430,930,320,30.05,63.36,1011.26,38.7,0,0
348491,399,924,325,30.06,63.36,1011.27,38.88,0,0
348871,205,929,331,30.03,63.36,1011.27,38.24,0,0
349255,267,919,223,30.03,63.37,1011.27,38.49,0,0
349637,377,927,329,30.03,63.37,1011.27,38.63,0,0
350017,206,915,326,30.04,63.38,1011.26,38.63,0,0
350404,267,929,333,30.04,63.38,1011.26,38.67,0,0
350814,263,928,336,30.05,63.38,1011.26,38.52,0,0
351197,305,928,323,30.03,63.39,1011.26,38.17,0,0
351579,406,926,335,30.04,63.42,1011.26,38.38,0,0
351958,214,912,321,30.04,63.41,1011.26,38.28,0,0
352341,224,943,327,30.05,63.42,1011.26,38.52,0,0
352725,107,926,331,30.06,63.45,1011.26,38.63,0,0
353136,307,929,321,30.06,63.44,1011.27,38.52,0,0
353521,245,926,330,30.05,63.42,1011.27,38.17,0,0
353901,70,928,331,30.05,63.43,1011.27,38.21,0,0
354286,391,933,336,30.06,63.45,1011.27,38.52,0,0
354667,342,934,321,30.07,63.45,1011.27,38.38,0,0
355046,236,928,320,30.09,63.46,1011.27,38.45,0,0
355463,251,981,320,30.1,63.47,1011.27,38.56,0,0
355843,317,930,325,30.08,63.45,1011.27,37.93,0,0
356226,365,937,336,30.09,63.46,1011.27,38.14,0,0
356609,176,928,336,30.09,63.48,1011.27,38.17,0,0
356987,335,924,329,30.1,63.49,1011.27,38.17,0,0
357375,224,932,368,30.12,63.47,1011.27,38.52,0,0
357784,348,929,327,30.12,63.5,1011.27,38.35,0,0
358163,438,926,315,30.11,63.48,1011.28,37.93,0,0
358550,263,933,336,30.12,63.49,1011.28,38.14,0,0
358929,305,927,318,30.13,63.48,1011.27,38.07,0,0
359314,356,928,327,30.14,63.49,1011.27,38.28,0,0
359695,212,938,324,30.14,63.5,1011.27,38.35,0,0
360106,352,923,329,30.15,63.5,1011.27,38.31,0,0
360492,294,928,334,30.13,63.47,1011.27,37.83,0,0
360872,341,933,322,30.13,63.49,1011.26,37.79,0,0
361256,283,924,336,30.15,63.51,1011.26,38,0,0
361638,289,934,343,30.16,63.5,1011.27,38.07,0,0
362018,347,923,328,30.16,63.51,1011.27,38.14,0,0
362435,241,922,316,30.18,63.51,1011.28,38.21,0,0
362815,291,930,333,30.16,63.49,1011.29,37.62,0,0
363198,376,927,330,30.16,63.49,1011.28,37.86,0,0
363580,388,927,320,30.17,63.51,1011.28,37.93,0,0
363959,242,926,331,30.18,63.5,1011.29,38.03,0,0
364342,282,926,320,30.19,63.5,1011.29,38.14,0,0
364756,308,864,320,30.2,63.51,1011.28,38.07,0,0
365138,251,923,319,30.18,63.49,1011.28,37.49,0,0
365523,400,930,210,30.18,63.49,1011.29,37.69,0,0
365901,320,926,327,30.19,63.51,1011.29,37.79,0,0
366286,355,926,320,30.2,63.53,1011.28,37.93,0,0
366668,453,931,326,30.21,63.52,1011.28,37.93,0,0
367078,400,935,320,30.22,63.5,1011.28,37.96,0,0
367465,251,934,334,30.21,63.51,1011.28,37.49,0,0
367845,304,931,325,30.21,63.51,1011.28,37.49,0,0
368228,334,933,324,30.22,63.53,1011.27,37.59,0,0
368611,304,927,322,30.23,63.52,1011.28,37.76,0,0
368990,267,933,321,30.24,63.51,1011.27,37.93,0,0
369408,272,938,333,30.25,63.52,1011.28,38,0,0
369788,321,931,350,30.22,63.49,1011.27,37.32,0,0
370167,343,919,334,30.22,63.49,1011.27,37.62,0,0
370554,353,923,318,30.22,63.49,1011.26,37.9,0,0
370934,336,929,334,30.22,63.49,1011.27,37.72,0,0
371319,379,931,323,30.22,63.49,1011.28,38.03,0,0
371730,278,934,324,30.21,63.48,1011.28,38.03,0,0
372112,261,944,329,30.19,63.46,1011.28,37.45,0,0
372497,256,935,330,30.18,63.47,1011.28,37.83,0,0
372877,309,925,317,30.18,63.47,1011.29,37.86,0,0
373261,291,939,331,30.19,63.48,1011.29,38.14,0,0
373643,289,930,325,30.19,63.48,1011.28,38.21,0,0
374053,192,895,333,30.19,63.49,1011.28,38.17,0,0
374440,277,934,272,30.17,63.48,1011.28,37.72,0,0
374820,255,931,336,30.16,63.49,1011.27,37.59,0,0
375203,0,908,320,30.17,63.5,1011.28,38.03,0,0
375586,369,928,330,30.18,63.52,1011.28,38.03,0,0
375965,274,927,335,30.19,63.53,1011.28,38,0,0
376379,334,938,329,30.2,63.53,1011.28,37.93,0,0
376763,277,934,327,30.19,63.53,1011.28,37.62,0,0
377145,379,928,323,30.19,63.53,1011.29,37.72,0,0
377528,362,927,321,30.2,63.57,1011.29,37.96,0,0
377907,400,941,323,30.21,63.58,1011.28,38,0,0
378293,367,926,320,30.22,63.58,1011.29,37.9,0,0
